{"cameraMode":{"drawMode":0,"name":"Shaded","section":"Shading Mode"},"sceneLighting":true,"audioPlay":false,"sceneViewState":{"m_AlwaysRefresh":false,"showFog":true,"showSkybox":true,"showFlares":true,"showImageEffects":true,"showParticleSystems":true,"showVisualEffectGraphs":true,"m_FxEnabled":true},"in2DMode":false,"pivot":{"x":11.65262222290039,"y":-6.476902008056641,"z":11.623899459838868},"rotation":{"x":0.2948894798755646,"y":0.41222137212753298,"z":-0.14299580454826356,"w":0.8501057028770447},"size":31.583887100219728,"orthographic":false}